id,name,pin_no
1,PIN_1,1
2,PIN_2,2
3,PIN_3,3
4,PIN_4,4
5,PIN_5,5
6,PIN_6,6
7,PIN_7,7
8,PIN_8,8
9,PIN_9,9
10,PIN_10,10
11,PIN_11,11
12,PIN_12,12
13,PIN_13,13
14,PIN_14,14
15,PIN_15,15
16,PIN_16,16
17,PIN_17,17
18,PIN_18,18
19,PIN_19,19
20,PIN_20,20
21,PIN_21,21
22,PIN_22,22
23,PIN_23,23
24,PIN_24,24
25,PIN_25,25
26,PIN_26,26
27,PIN_27,27
28,PIN_28,28
29,PIN_29,29
30,PIN_30,30
31,PIN_31,31
32,PIN_32,32
33,PIN_33,33
34,PIN_34,34
35,PIN_35,35
36,PIN_36,36
37,PIN_37,37
38,PIN_38,38
39,PIN_39,39
40,PIN_40,40
41,PIN_41,41
42,PIN_42,42
43,PIN_43,43
44,PIN_44,44
45,PIN_45,45
46,PIN_46,46
47,PIN_47,47
48,PIN_48,48
49,PIN_49,49
50,PIN_50,50
51,PIN_51,51
52,PIN_52,52
53,PIN_53,53
54,PIN_54,54
55,PIN_55,55
56,PIN_56,56
57,PIN_57,57
58,PIN_58,58
59,PIN_59,59
60,PIN_60,60
61,PIN_61,61
62,PIN_62,62
63,PIN_63,63
64,PIN_64,64
65,PIN_65,65
66,PIN_66,66
67,PIN_67,67
68,PIN_68,68
69,PIN_69,69
70,PIN_70,70
71,PIN_71,71
72,PIN_72,72
73,PIN_73,73
74,PIN_74,74
75,PIN_75,75
76,PIN_76,76
77,PIN_77,77
78,PIN_78,78
79,PIN_79,79
80,PIN_80,80
81,PIN_81,81
82,PIN_82,82
83,PIN_83,83
84,PIN_84,84
85,PIN_85,85
86,PIN_86,86
87,PIN_87,87
88,PIN_88,88
89,PIN_89,89
90,PIN_90,90
91,PIN_91,91
92,PIN_92,92
93,PIN_93,93
94,PIN_94,94
95,PIN_95,95
96,PIN_96,96
97,PIN_97,97
98,PIN_98,98
99,PIN_99,99
100,PIN_100,100
101,PIN_101,101
102,PIN_102,102
103,PIN_103,103
104,PIN_104,104
105,PIN_105,105
106,PIN_106,106
107,PIN_107,107
108,PIN_108,108
109,PIN_109,109
110,PIN_110,110
111,PIN_111,111
112,PIN_112,112
113,PIN_113,113
114,PIN_114,114
115,PIN_115,115
116,PIN_116,116
117,PIN_117,117
118,PIN_118,118
119,PIN_119,119
120,PIN_120,120
121,PIN_121,121
122,PIN_122,122
123,PIN_123,123
124,PIN_124,124
125,PIN_125,125
126,PIN_126,126
127,PIN_127,127
128,PIN_128,128
